Geno,Latitude,Longitude,River
CHWH-27-1,49.1,-121.5166667,34
CHWH-27-2,49.1,-121.5166667,34
CHWH-27-3,49.1,-121.5166667,34
CHWH-27-4,49.1,-121.5166667,34
CHWH-27-5,49.1,-121.5166667,34
CHWI-27-4,49.1,-121.6333333,34
CHWJ-27-1,49.08333333,-121.7166667,34
CHWJ-27-2,49.08333333,-121.7166667,34
CHWK-27-2,49.08333333,-121.7333333,34
CHWK-27-3,49.08333333,-121.7333333,34
CHWK-27-4,49.08333333,-121.7333333,34
HOPF-27-1,49.43333333,-121.4333333,34
HOPF-27-3,49.43333333,-121.4333333,34
HOPF-27-5,49.43333333,-121.4333333,34
HOPG-27-1,49.4,-121.55,34
HOPG-27-3,49.4,-121.55,34
HOPG-27-5,49.4,-121.55,34
HRSO-27-1,49.28333333,-121.95,34
HRSO-27-2,49.28333333,-121.95,34
HRSO-27-3,49.28333333,-121.95,34
HRSO-27-4,49.28333333,-121.95,34
HRSO-27-5,49.28333333,-121.95,34
HRSP-27-1,49.23333333,-121.85,34
HRSP-27-4,49.23333333,-121.85,34
HRSP-27-5,49.23333333,-121.85,34
MCMN-27-2,49.18333333,-122.5833333,34
MCMN-27-3,49.18333333,-122.5833333,34
MCMN-27-4,49.18333333,-122.5833333,34
MCMN-27-5,49.18333333,-122.5833333,34
MTSM-27-1,49.11666667,-122.3333333,34
MTSM-27-3,49.11666667,-122.3333333,34
NHTA-27-2,50.0,-121.5666667,34
NHTA-27-3,50.0,-121.5666667,34
NHTA-27-4,50.0,-121.5666667,34
NHTA-27-5,50.0,-121.5666667,34
NHTB-27-1,49.96666667,-121.8166667,34
NHTB-27-3,49.96666667,-121.8166667,34
NHTB-27-4,49.96666667,-121.8166667,34
VNDL-27-1,49.15,-122.1,34
VNDL-27-3,49.15,-122.1,34
VNDL-27-4,49.15,-122.1,34
VNDL-27-5,49.15,-122.1,34
WELC-27-1,49.66666667,-121.4166667,34
WELC-27-2,49.66666667,-121.4166667,34
WELC-27-3,49.66666667,-121.4166667,34
WELC-27-4,49.66666667,-121.4166667,34
WELC-27-5,49.66666667,-121.4166667,34
YALD-27-2,49.56666667,-121.4666667,34
YALD-27-5,49.56666667,-121.4666667,34
YALE-27-1,49.56666667,-121.4,34
YALE-27-2,49.56666667,-121.4,34
YALE-27-3,49.56666667,-121.4,34
YALE-27-4,49.56666667,-121.4,34
BESC-1,46.17080435,-123.0516633,Columbia
BESC-10,46.16711305,-123.0465309,Columbia
BESC-100,46.11224184,-122.9851329,Columbia
BESC-101,46.11206523,-122.9864059,Columbia
BESC-102,46.11250444,-122.9870014,Columbia
BESC-103,46.11250989,-122.9878284,Columbia
BESC-104,46.11216238,-122.9878413,Columbia
BESC-105,46.11253001,-122.988728,Columbia
BESC-106,46.1129631,-122.9890432,Columbia
BESC-107,46.11337532,-122.9896184,Columbia
BESC-108,46.11373348,-122.9897512,Columbia
BESC-109,46.11418367,-122.9901561,Columbia
BESC-11,46.1662218,-123.0470295,Columbia
BESC-110,46.1148533,-122.9902365,Columbia
BESC-111,46.11506654,-122.9901306,Columbia
BESC-112,46.11532152,-122.9905997,Columbia
BESC-113,46.11589836,-122.9904982,Columbia
BESC-114,46.11603088,-122.9899613,Columbia
BESC-115,46.10981159,-122.9854544,Columbia
BESC-116,46.10928018,-122.9856922,Columbia
BESC-117,46.10891774,-122.9855224,Columbia
BESC-118,46.1086709,-122.9853659,Columbia
BESC-119,46.1082435,-122.9846934,Columbia
BESC-12,46.16550498,-123.0456435,Columbia
BESC-120,46.10776632,-122.9841146,Columbia
BESC-121,46.10753045,-122.9836102,Columbia
BESC-122,46.10719811,-122.9830777,Columbia
BESC-123,46.10699669,-122.9824988,Columbia
BESC-124,46.10671255,-122.9819639,Columbia
BESC-125,46.10729266,-122.9811362,Columbia
BESC-126,46.10751252,-122.9805029,Columbia
BESC-127,46.10761813,-122.9814417,Columbia
BESC-128,46.10817142,-122.9801329,Columbia
BESC-129,46.10821165,-122.9802068,Columbia
BESC-13,46.16493828,-123.0450203,Columbia
BESC-130,46.10839094,-122.9796758,Columbia
BESC-131,46.10848264,-122.9788285,Columbia
BESC-132,46.10893576,-122.9782983,Columbia
BESC-133,46.10894867,-122.9775241,Columbia
BESC-134,46.10856403,-122.9758325,Columbia
BESC-135,46.10984637,-122.9793801,Columbia
BESC-136,46.11039723,-122.9796148,Columbia
BESC-137,46.11081616,-122.9802577,Columbia
BESC-138,46.11100735,-122.9806937,Columbia
BESC-139,46.11147163,-122.9817578,Columbia
BESC-14,46.16404477,-123.0444661,Columbia
BESC-140,46.11173457,-122.982744,Columbia
BESC-15,46.16332702,-123.0436446,Columbia
BESC-16,46.16324287,-123.0429149,Columbia
BESC-17,46.16364067,-123.0421053,Columbia
BESC-18,46.16242806,-123.0409347,Columbia
BESC-19,46.16412758,-123.0391806,Columbia
BESC-2,46.17057201,-123.050969,Columbia
BESC-20,46.16568829,-123.036499,Columbia
BESC-21,46.16598358,-123.0348417,Columbia
BESC-22,46.16609615,-123.0335421,Columbia
BESC-23,46.16602792,-123.0326872,Columbia
BESC-24,46.16556365,-123.032299,Columbia
BESC-25,46.16699344,-123.0309107,Columbia
BESC-26,46.10617443,-122.8883409,Columbia
BESC-27,46.10528813,-122.8874526,Columbia
BESC-28,46.10564612,-122.8867632,Columbia
BESC-29,46.10611056,-122.8861222,Columbia
BESC-3,46.17018593,-123.0507374,Columbia
BESC-30,46.10620762,-122.8849087,Columbia
BESC-31,46.10631776,-122.8839227,Columbia
BESC-32,46.10635179,-122.8825563,Columbia
BESC-33,46.10539299,-122.8833919,Columbia
BESC-34,46.10512921,-122.8839362,Columbia
BESC-35,46.1041797,-122.8845245,Columbia
BESC-36,46.10368651,-122.884318,Columbia
BESC-37,46.10329248,-122.8835434,Columbia
BESC-38,46.10348945,-122.8824537,Columbia
BESC-39,46.10339834,-122.8815617,Columbia
BESC-4,46.1698489,-123.0500854,Columbia
BESC-40,46.10329625,-122.880777,Columbia
BESC-41,46.10243065,-122.8813877,Columbia
BESC-42,46.10231071,-122.8804939,Columbia
BESC-43,46.10208197,-122.8796948,Columbia
BESC-44,46.10195314,-122.8788363,Columbia
BESC-45,46.10166647,-122.8781377,Columbia
BESC-46,46.10122701,-122.8774618,Columbia
BESC-47,46.10056258,-122.8772099,Columbia
BESC-48,46.10007559,-122.8770917,Columbia
BESC-49,46.09962657,-122.8770268,Columbia
BESC-5,46.16946249,-123.0495664,Columbia
BESC-50,46.09891721,-122.8759815,Columbia
BESC-51,46.09850826,-122.8763039,Columbia
BESC-52,46.09818203,-122.8766406,Columbia
BESC-53,46.0976953,-122.8763137,Columbia
BESC-54,46.09831061,-122.877641,Columbia
BESC-55,46.09879978,-122.8776817,Columbia
BESC-56,46.09937595,-122.8784046,Columbia
BESC-57,46.1000429,-122.8788815,Columbia
BESC-58,46.10038145,-122.8796666,Columbia
BESC-59,46.10089852,-122.8793737,Columbia
BESC-6,46.16889135,-123.0488401,Columbia
BESC-60,46.10088914,-122.8802903,Columbia
BESC-61,46.1013835,-122.8798575,Columbia
BESC-62,46.10142189,-122.8806727,Columbia
BESC-63,46.1020082,-122.8803752,Columbia
BESC-64,46.10178558,-122.8813312,Columbia
BESC-65,46.10216008,-122.8817526,Columbia
BESC-66,46.10214181,-122.8823976,Columbia
BESC-67,46.10253341,-122.8828655,Columbia
BESC-68,46.10301898,-122.8832471,Columbia
BESC-69,46.10379456,-122.8858374,Columbia
BESC-7,46.16831476,-123.0474736,Columbia
BESC-70,46.10429906,-122.8867168,Columbia
BESC-71,46.10473417,-122.8865543,Columbia
BESC-72,46.10434072,-122.8858503,Columbia
BESC-73,46.10379967,-122.8851378,Columbia
BESC-74,46.10613428,-122.8899141,Columbia
BESC-75,46.10710029,-122.8897913,Columbia
BESC-76,46.11914727,-122.9989267,Columbia
BESC-77,46.11922966,-122.9981085,Columbia
BESC-78,46.11929756,-122.9973268,Columbia
BESC-79,46.11917996,-122.9962617,Columbia
BESC-8,46.168183,-123.0465153,Columbia
BESC-80,46.11918591,-122.9952942,Columbia
BESC-81,46.11923511,-122.9944292,Columbia
BESC-82,46.11886723,-122.993836,Columbia
BESC-83,46.11875818,-122.9931991,Columbia
BESC-84,46.11850966,-122.9924793,Columbia
BESC-85,46.11815728,-122.9923812,Columbia
BESC-86,46.11770919,-122.9919321,Columbia
BESC-87,46.11718783,-122.9916346,Columbia
BESC-88,46.11696269,-122.9904118,Columbia
BESC-89,46.11673186,-122.9898539,Columbia
BESC-9,46.16756273,-123.0477389,Columbia
BESC-90,46.11647042,-122.9895583,Columbia
BESC-91,46.11590859,-122.9892135,Columbia
BESC-92,46.11594932,-122.9885576,Columbia
BESC-93,46.11557675,-122.9882303,Columbia
BESC-94,46.11517123,-122.9878133,Columbia
BESC-95,46.11457452,-122.9872308,Columbia
BESC-96,46.1145394,-122.9866969,Columbia
BESC-97,46.11426531,-122.9862172,Columbia
BESC-98,46.11349954,-122.9856071,Columbia
BESC-99,46.11281793,-122.9858043,Columbia
GW-10072,46.26666667,-123.45,Columbia
GW-11037,46.1,-123.2,Columbia
GW-11038,46.1,-123.2,Columbia
GW-11039,46.1,-123.2,Columbia
GW-11041,46.1,-123.2,Columbia
GW-11042,46.1,-123.2,Columbia
GW-11043,46.1,-123.2,Columbia
GW-11044,46.1,-123.2,Columbia
GW-11045,46.1,-123.2,Columbia
GW-11046,46.1,-123.2,Columbia
GW-11047,46.1,-123.2,Columbia
GW-11048,46.1,-123.2,Columbia
GW-11049,46.1,-123.2,Columbia
GW-11051,46.1,-123.2,Columbia
GW-11052,46.1,-123.2,Columbia
GW-4610,45.96666667,-122.8166667,Columbia
GW-7973,45.55,-122.4,Columbia
GW-7974,45.55,-122.4,Columbia
GW-7975,45.55,-122.4,Columbia
GW-7976,46.11666667,-123.0,Columbia
GW-7977,46.11916667,-122.995,Columbia
GW-7978,46.11666667,-123.0,Columbia
GW-7979,46.11666667,-123.0,Columbia
GW-7980,46.13833333,-123.2697222,Columbia
GW-7981,46.13333333,-123.25,Columbia
GW-7982,46.13333333,-123.25,Columbia
GW-7983,46.11666667,-123.0,Columbia
GW-7984,46.11666667,-123.0,Columbia
GW-7985,46.11666667,-123.0,Columbia
GW-7986,46.12888889,-123.0216667,Columbia
GW-7987,46.08333333,-122.8833333,Columbia
GW-7988,46.08333333,-122.8833333,Columbia
GW-7989,46.08333333,-122.8833333,Columbia
GW-7990,46.08333333,-122.8833333,Columbia
GW-7991,46.0,-122.8666667,Columbia
GW-7992,46.0,-122.8666667,Columbia
GW-7993,46.0,-122.8666667,Columbia
GW-7994,46.0,-122.8666667,Columbia
GW-7996,46.1,-123.1833333,Columbia
GW-9947,46.05,-121.9333333,Columbia
GW-9948,46.05,-121.9333333,Columbia
GW-9950,46.05,-121.9333333,Columbia
GW-9951,46.05,-121.9333333,Columbia
GW-9952,46.05,-121.9333333,Columbia
GW-9953,46.15,-123.3333333,Columbia
GW-9954,46.15,-123.3333333,Columbia
GW-9955,46.15,-123.3333333,Columbia
GW-9956,46.15,-123.3333333,Columbia
GW-9957,46.15,-123.3333333,Columbia
GW-9958,46.15,-123.3333333,Columbia
GW-9959,45.95,-121.95,Columbia
GW-9960,45.95,-121.95,Columbia
GW-9961,45.95,-121.95,Columbia
GW-9962,45.95,-121.95,Columbia
GW-9963,45.95,-121.95,Columbia
GW-9964,45.95,-121.95,Columbia
GW-9965,45.95,-122.8166667,Columbia
GW-9966,45.95,-122.8166667,Columbia
GW-9967,45.95,-122.8166667,Columbia
GW-9968,45.95,-122.8166667,Columbia
GW-9969,45.95,-122.8166667,Columbia
GW-9970,45.95,-122.8166667,Columbia
GW-9971,45.95,-122.8166667,Columbia
GW-9756,48.81666667,-122.2166667,Nooksack
GW-9757,48.81666667,-122.2166667,Nooksack
GW-9758,48.81666667,-122.2166667,Nooksack
GW-9759,48.81666667,-122.2166667,Nooksack
GW-9760,48.81666667,-122.2166667,Nooksack
GW-9761,48.81666667,-122.2166667,Nooksack
GW-9762,48.81666667,-122.2166667,Nooksack
GW-9763,48.81666667,-122.2166667,Nooksack
GW-9764,48.81666667,-122.2166667,Nooksack
GW-9765,48.81666667,-122.2166667,Nooksack
GW-9766,48.81666667,-122.2166667,Nooksack
GW-9767,48.81666667,-122.2166667,Nooksack
GW-9768,48.71666667,-122.2,Nooksack
GW-9769,48.71666667,-122.2,Nooksack
GW-9770,48.71666667,-122.2,Nooksack
GW-9771,48.71666667,-122.2,Nooksack
GW-9772,48.71666667,-122.2,Nooksack
GW-9773,48.71666667,-122.2,Nooksack
GW-9774,48.71666667,-122.2,Nooksack
GW-9775,48.71666667,-122.2,Nooksack
GW-9776,48.71666667,-122.2,Nooksack
GW-9777,48.71666667,-122.2,Nooksack
GW-9778,48.71666667,-122.2,Nooksack
GW-9779,48.71666667,-122.2,Nooksack
GW-9780,48.91666667,-122.0666667,Nooksack
GW-9781,48.91666667,-122.0666667,Nooksack
GW-9782,48.91666667,-122.0666667,Nooksack
GW-9783,48.91666667,-122.0666667,Nooksack
GW-9784,48.91666667,-122.0666667,Nooksack
GW-9785,48.91666667,-122.0666667,Nooksack
GW-9786,48.91666667,-122.0666667,Nooksack
GW-9787,48.91666667,-122.0666667,Nooksack
GW-9788,48.91666667,-122.0666667,Nooksack
GW-9789,48.91666667,-122.0666667,Nooksack
GW-9791,48.91666667,-122.0666667,Nooksack
BESC-141,47.0588426,-122.1913681,Puyallup
BESC-142,47.05966596,-122.1907097,Puyallup
BESC-143,47.06048017,-122.1909214,Puyallup
BESC-144,47.06102944,-122.1910244,Puyallup
BESC-145,47.06138156,-122.1916272,Puyallup
BESC-146,47.06257506,-122.1921085,Puyallup
BESC-147,47.0630592,-122.1922878,Puyallup
BESC-148,47.06411624,-122.1925853,Puyallup
BESC-149,47.06447507,-122.1929431,Puyallup
BESC-150,47.06592456,-122.194334,Puyallup
BESC-151,47.06650224,-122.1946774,Puyallup
BESC-152,47.06697959,-122.1948677,Puyallup
BESC-153,47.0674302,-122.1948913,Puyallup
BESC-154,47.06842387,-122.1949794,Puyallup
BESC-155,47.06883752,-122.1950611,Puyallup
BESC-156,47.06919953,-122.195408,Puyallup
BESC-157,47.06964612,-122.1955806,Puyallup
BESC-158,47.07002716,-122.1959131,Puyallup
BESC-159,47.07067684,-122.1957046,Puyallup
BESC-160,47.07091053,-122.1964496,Puyallup
BESC-161,47.07170388,-122.1973965,Puyallup
BESC-162,47.07208836,-122.1977788,Puyallup
BESC-163,47.0728154,-122.1984432,Puyallup
BESC-164,47.07330147,-122.1985738,Puyallup
BESC-165,47.07385107,-122.1990201,Puyallup
BESC-166,47.07436714,-122.1990864,Puyallup
BESC-167,47.07479152,-122.1989024,Puyallup
BESC-168,47.07516535,-122.1992306,Puyallup
BESC-169,47.07636287,-122.1993622,Puyallup
BESC-170,47.07693167,-122.1992601,Puyallup
BESC-171,47.07724549,-122.1991968,Puyallup
BESC-172,47.07774773,-122.199318,Puyallup
BESC-173,47.07845726,-122.1994411,Puyallup
BESC-174,47.07886412,-122.1993966,Puyallup
BESC-175,47.07966794,-122.1999008,Puyallup
BESC-176,47.08054109,-122.200024,Puyallup
BESC-177,47.08114006,-122.2001618,Puyallup
BESC-178,47.08242626,-122.2011494,Puyallup
BESC-179,47.08267403,-122.201417,Puyallup
BESC-180,47.08309681,-122.2022258,Puyallup
BESC-181,47.08337031,-122.2027719,Puyallup
BESC-182,47.08362051,-122.2034033,Puyallup
BESC-183,47.08395193,-122.2040834,Puyallup
BESC-184,47.08424429,-122.2045619,Puyallup
BESC-185,47.08450765,-122.205286,Puyallup
BESC-186,47.08511408,-122.2063601,Puyallup
BESC-187,47.08539731,-122.2069225,Puyallup
BESC-188,47.08612259,-122.2077726,Puyallup
BESC-189,47.08770158,-122.2100112,Puyallup
BESC-190,47.08786938,-122.2104161,Puyallup
BESC-191,47.08840733,-122.2112805,Puyallup
BESC-192,47.08872543,-122.2118002,Puyallup
BESC-193,47.08913472,-122.2126905,Puyallup
BESC-194,47.08929213,-122.2117131,Puyallup
BESC-195,47.0896259,-122.2135,Puyallup
BESC-196,47.09009537,-122.2140071,Puyallup
BESC-197,47.09051622,-122.2143516,Puyallup
BESC-198,47.09098963,-122.214763,Puyallup
BESC-199,47.09143387,-122.215163,Puyallup
BESC-200,47.0920828,-122.215679,Puyallup
BESC-201,47.09274614,-122.216353,Puyallup
BESC-202,47.09321251,-122.2168223,Puyallup
BESC-203,47.09390695,-122.2172829,Puyallup
BESC-204,47.09460466,-122.2181304,Puyallup
BESC-205,47.09514789,-122.218506,Puyallup
BESC-206,47.09544042,-122.2189606,Puyallup
BESC-207,47.09563547,-122.219601,Puyallup
BESC-208,47.09601726,-122.2198223,Puyallup
BESC-209,47.09646477,-122.2197045,Puyallup
BESC-210,47.09736608,-122.2198169,Puyallup
BESC-211,47.09827694,-122.2200477,Puyallup
BESC-212,47.09883627,-122.2198536,Puyallup
BESC-213,47.09935142,-122.219794,Puyallup
BESC-214,47.10022029,-122.2202342,Puyallup
BESC-215,47.10083158,-122.1998968,Puyallup
BESC-216,47.10493661,-122.2055192,Puyallup
BESC-217,47.1044876,-122.2046274,Puyallup
BESC-218,47.10413472,-122.2040021,Puyallup
BESC-219,47.10393514,-122.203447,Puyallup
BESC-220,47.10326669,-122.2023995,Puyallup
BESC-221,47.10209096,-122.2002148,Puyallup
BESC-222,47.10120751,-122.1986151,Puyallup
BESC-223,47.09992675,-122.1965836,Puyallup
BESC-224,47.0990951,-122.19497,Puyallup
BESC-225,47.09859286,-122.194178,Puyallup
BESC-226,47.09836126,-122.193473,Puyallup
BESC-227,47.09784988,-122.1930889,Puyallup
BESC-228,47.09744437,-122.1927025,Puyallup
BESC-229,47.05837196,-122.1917934,Puyallup
BESC-230,47.0586271,-122.1925125,Puyallup
BESC-231,47.05856751,-122.1932399,Puyallup
BESC-232,47.05797172,-122.1932637,Puyallup
BESC-233,47.0569954,-122.1933765,Puyallup
BESC-234,47.05646281,-122.1927089,Puyallup
BESC-235,47.05605864,-122.1930057,Puyallup
BESC-236,47.0556097,-122.1933534,Puyallup
BESC-237,47.05517233,-122.1935321,Puyallup
BESC-238,47.05376392,-122.1948949,Puyallup
BESC-239,47.05322153,-122.1955532,Puyallup
BESC-240,47.052713,-122.1960706,Puyallup
BESC-241,47.05258409,-122.1968833,Puyallup
BESC-242,47.05197623,-122.1968659,Puyallup
BESC-243,47.05088357,-122.1972702,Puyallup
BESC-244,47.05022156,-122.1976275,Puyallup
BESC-245,47.04991663,-122.1984227,Puyallup
BESC-246,47.04953684,-122.1990668,Puyallup
BESC-247,47.04961664,-122.1997513,Puyallup
BESC-248,47.04944372,-122.1993946,Puyallup
BESC-801,47.07514012,-122.201392,Puyallup
BESC-802,47.07607529,-122.2017983,Puyallup
BESC-803,47.07671827,-122.2017492,Puyallup
BESC-804,47.07717651,-122.202072,Puyallup
BESC-805,47.07800455,-122.202748,Puyallup
BESC-806,47.08082976,-122.2051485,Puyallup
BESC-807,47.08175076,-122.2065854,Puyallup
BESC-808,47.08230908,-122.2065957,Puyallup
BESC-809,47.08504477,-122.20886,Puyallup
BESC-810,47.08658787,-122.2104177,Puyallup
BESC-811,47.08763385,-122.2120326,Puyallup
BESC-812,47.0881449,-122.2128753,Puyallup
BESC-813,47.08888938,-122.2139225,Puyallup
BESC-814,47.08955993,-122.214456,Puyallup
BESC-815,47.09055679,-122.2157572,Puyallup
BESC-816,47.09389589,-122.2190963,Puyallup
BESC-817,47.08869743,-122.1661131,Puyallup
BESC-818,47.08781121,-122.1694622,Puyallup
BESC-819,47.08695643,-122.1748524,Puyallup
BESC-820,47.08694972,-122.17594,Puyallup
BESC-821,47.08687839,-122.178911,Puyallup
BESC-822,47.0868768,-122.1813626,Puyallup
BESC-823,47.08686406,-122.1865291,Puyallup
BESC-824,47.08766285,-122.188587,Puyallup
BESC-825,47.08813232,-122.1894927,Puyallup
BESC-826,47.08854765,-122.1901018,Puyallup
BESC-827,47.08954157,-122.1914269,Puyallup
BESC-828,47.08965314,-122.1901345,Puyallup
BESC-829,47.09060264,-122.1904146,Puyallup
BESC-830,47.09125869,-122.1905771,Puyallup
BESC-831,47.09250013,-122.1909242,Puyallup
BESC-832,47.03900247,-122.2007613,Puyallup
BESC-833,47.03904362,-122.2016154,Puyallup
BESC-834,47.03950136,-122.202593,Puyallup
BESC-835,47.03968023,-122.2036193,Puyallup
BESC-836,47.03911001,-122.203729,Puyallup
BESC-837,47.03875931,-122.2066687,Puyallup
BESC-838,47.04028515,-122.2091232,Puyallup
BESC-839,47.04085646,-122.2094032,Puyallup
BESC-840,47.04157278,-122.2090704,Puyallup
BESC-841,47.04242949,-122.2089785,Puyallup
BESC-842,47.04300969,-122.2083466,Puyallup
BESC-843,47.04373112,-122.2080462,Puyallup
BESC-844,47.04408911,-122.2074111,Puyallup
BESC-845,47.04398568,-122.2065637,Puyallup
BESC-846,47.04419774,-122.2060408,Puyallup
BESC-847,47.04417578,-122.2050252,Puyallup
BESC-848,47.04470116,-122.2040718,Puyallup
BESC-849,47.04567128,-122.2023868,Puyallup
BESC-850,47.04638894,-122.2023501,Puyallup
BESC-851,47.04684458,-122.2016869,Puyallup
GW-9887,47.08333333,-122.2333333,Puyallup
GW-9888,47.08333333,-122.2333333,Puyallup
GW-9889,47.08333333,-122.2333333,Puyallup
GW-9890,47.08333333,-122.2333333,Puyallup
GW-9891,47.08333333,-122.2333333,Puyallup
GW-9892,47.08333333,-122.2333333,Puyallup
GW-9893,47.08333333,-122.2333333,Puyallup
GW-9894,47.08333333,-122.2333333,Puyallup
GW-9895,47.08333333,-122.2333333,Puyallup
GW-9896,47.08333333,-122.2333333,Puyallup
GW-9898,47.08333333,-122.2333333,Puyallup
GW-9899,47.11666667,-122.1166667,Puyallup
GW-9900,47.11666667,-122.1166667,Puyallup
GW-9901,47.11666667,-122.1166667,Puyallup
GW-9902,47.11666667,-122.1166667,Puyallup
GW-9903,47.11666667,-122.1166667,Puyallup
GW-9904,47.11666667,-122.1166667,Puyallup
GW-9905,47.11666667,-122.1166667,Puyallup
GW-9906,47.11666667,-122.1166667,Puyallup
GW-9907,47.11666667,-122.1166667,Puyallup
GW-9908,47.11666667,-122.1166667,Puyallup
GW-9909,47.11666667,-122.1166667,Puyallup
GW-9910,47.11666667,-122.1166667,Puyallup
GW-9911,47.1,-122.2,Puyallup
GW-9912,47.1,-122.2,Puyallup
GW-9913,47.1,-122.2,Puyallup
GW-9914,47.1,-122.2,Puyallup
GW-9915,47.1,-122.2,Puyallup
GW-9916,47.1,-122.2,Puyallup
GW-9917,47.1,-122.2,Puyallup
GW-9918,47.1,-122.2,Puyallup
GW-9919,47.1,-122.2,Puyallup
GW-9920,47.1,-122.2,Puyallup
GW-9921,47.1,-122.2,Puyallup
GW-9922,47.1,-122.2,Puyallup
BESC-331,48.4892376,-122.1602839,Skagit
BESC-332,48.48972064,-122.160233,Skagit
BESC-333,48.49013354,-122.1603772,Skagit
BESC-334,48.49056286,-122.1602395,Skagit
BESC-335,48.49067249,-122.1605447,Skagit
BESC-336,48.49109419,-122.1603611,Skagit
BESC-337,48.49144329,-122.1603825,Skagit
BESC-338,48.49184345,-122.1606281,Skagit
BESC-339,48.49220378,-122.16063,Skagit
BESC-340,48.49261793,-122.1609268,Skagit
BESC-341,48.49282078,-122.160633,Skagit
BESC-342,48.49347222,-122.1603218,Skagit
BESC-343,48.49373331,-122.1598474,Skagit
BESC-344,48.49409189,-122.1595512,Skagit
BESC-345,48.49441895,-122.1586933,Skagit
BESC-346,48.49448073,-122.1581136,Skagit
BESC-347,48.49473411,-122.157562,Skagit
BESC-348,48.49477326,-122.1568165,Skagit
BESC-349,48.49489546,-122.1561341,Skagit
BESC-350,48.49494626,-122.1554234,Skagit
BESC-351,48.49472313,-122.1543214,Skagit
BESC-352,48.49448215,-122.153819,Skagit
BESC-353,48.494571,-122.153046,Skagit
BESC-354,48.49409332,-122.1525869,Skagit
BESC-355,48.49367548,-122.1532955,Skagit
BESC-356,48.4932252,-122.1536854,Skagit
BESC-357,48.49269798,-122.153878,Skagit
BESC-358,48.49425266,-122.154515,Skagit
BESC-359,48.49450009,-122.1552965,Skagit
BESC-360,48.4945275,-122.1561052,Skagit
BESC-361,48.49428124,-122.1567928,Skagit
BESC-362,48.49414394,-122.1573184,Skagit
BESC-363,48.49405057,-122.158153,Skagit
BESC-364,48.49371579,-122.1587002,Skagit
BESC-365,48.49350776,-122.1591599,Skagit
BESC-366,48.49299847,-122.1595394,Skagit
BESC-367,48.49263562,-122.1598678,Skagit
BESC-368,48.49219993,-122.1599125,Skagit
BESC-369,48.49175703,-122.1599961,Skagit
BESC-370,48.49125168,-122.1597433,Skagit
BESC-371,48.49054911,-122.1594553,Skagit
BESC-372,48.49004628,-122.1592763,Skagit
BESC-373,48.48978711,-122.1596161,Skagit
BESC-374,48.48934849,-122.1597259,Skagit
BESC-375,48.49007947,-122.1587264,Skagit
BESC-376,48.49050561,-122.1586202,Skagit
BESC-377,48.49092378,-122.1580772,Skagit
BESC-378,48.49172685,-122.1595001,Skagit
BESC-379,48.49315614,-122.1587578,Skagit
BESC-380,48.49367078,-122.1581165,Skagit
BESC-381,48.49365586,-122.1569404,Skagit
BESC-382,48.49318069,-122.156857,Skagit
BESC-383,48.49276034,-122.156811,Skagit
BESC-384,48.49390531,-122.1565139,Skagit
BESC-385,48.49358277,-122.1574602,Skagit
BESC-386,48.4930905,-122.1576241,Skagit
BESC-387,48.49267066,-122.1573175,Skagit
BESC-388,48.51506492,-122.1094353,Skagit
BESC-389,48.51495948,-122.1119995,Skagit
BESC-390,48.51509283,-122.1128659,Skagit
BESC-391,48.5152432,-122.1135739,Skagit
BESC-392,48.51519275,-122.114648,Skagit
BESC-393,48.51527388,-122.115229,Skagit
BESC-394,48.51536315,-122.1157907,Skagit
BESC-395,48.51545552,-122.1164215,Skagit
BESC-396,48.51540213,-122.1169146,Skagit
BESC-397,48.51541637,-122.11804,Skagit
BESC-398,48.52453781,-122.0752954,Skagit
BESC-399,48.52447512,-122.0762749,Skagit
BESC-400,48.5243146,-122.0771781,Skagit
BESC-401,48.52425467,-122.078595,Skagit
BESC-402,48.52408561,-122.0792049,Skagit
BESC-403,48.5240271,-122.0799103,Skagit
BESC-404,48.52375209,-122.0822189,Skagit
BESC-405,48.52342403,-122.089363,Skagit
BESC-406,48.52335487,-122.0901421,Skagit
BESC-407,48.52318497,-122.0937826,Skagit
BESC-408,48.5229398,-122.0956048,Skagit
BESC-409,48.50599042,-122.0221735,Skagit
BESC-410,48.50673364,-122.0226609,Skagit
BESC-411,48.50767242,-122.0239035,Skagit
BESC-412,48.50822437,-122.0242951,Skagit
BESC-413,48.50796243,-122.0246953,Skagit
BESC-414,48.52518364,-122.0089507,Skagit
BESC-415,48.52511642,-122.0097908,Skagit
BESC-416,48.52504098,-122.0106041,Skagit
BESC-417,48.52503218,-122.0112923,Skagit
BESC-418,48.52500376,-122.0118042,Skagit
BESC-419,48.52513972,-122.0129451,Skagit
BESC-420,48.52483034,-122.0134038,Skagit
BESC-421,48.52426574,-122.0139794,Skagit
BESC-422,48.52345286,-122.0144567,Skagit
BESC-423,48.52308137,-122.0149776,Skagit
BESC-424,48.52446967,-122.0146486,Skagit
BESC-425,48.52486655,-122.0160673,Skagit
BESC-426,48.5264307,-122.0163041,Skagit
BESC-427,48.52625476,-122.0153105,Skagit
BESC-428,48.51850821,-122.0136059,Skagit
BESC-429,48.5182161,-122.0132467,Skagit
BESC-430,48.51789616,-122.0129564,Skagit
BESC-431,48.51753239,-122.012656,Skagit
BESC-432,48.51720247,-122.0121236,Skagit
BESC-433,48.51685538,-122.0117274,Skagit
BESC-434,48.51650728,-122.0113089,Skagit
BESC-435,48.5162575,-122.0108973,Skagit
BESC-436,48.51592742,-122.0103467,Skagit
BESC-437,48.51562039,-122.0099348,Skagit
BESC-438,48.5153199,-122.009479,Skagit
BESC-439,48.514878,-122.0089998,Skagit
BESC-440,48.51448171,-122.0089667,Skagit
BESC-441,48.51396136,-122.008899,Skagit
BESC-442,48.51344294,-122.008445,Skagit
BESC-443,48.52324507,-122.0089924,Skagit
BESC-444,48.52330693,-122.0099938,Skagit
BESC-445,48.52320844,-122.0106462,Skagit
BESC-446,48.52303569,-122.0111906,Skagit
BESC-447,48.52291407,-122.0119156,Skagit
BESC-448,48.52259036,-122.0126148,Skagit
BESC-449,48.52206188,-122.0131433,Skagit
BESC-450,48.52162242,-122.0134797,Skagit
BESC-451,48.52126359,-122.0138131,Skagit
BESC-452,48.52069496,-122.0138805,Skagit
BESC-453,48.52030395,-122.014026,Skagit
BESC-454,48.51982148,-122.0139338,Skagit
BESC-455,48.51942921,-122.013935,Skagit
BESC-456,48.51894809,-122.013099,Skagit
BESC-457,48.51887659,-122.0137582,Skagit
BESC-458,48.52063755,-122.0554433,Skagit
BESC-459,48.52027955,-122.0548846,Skagit
BESC-460,48.51990052,-122.0545522,Skagit
BESC-461,48.51964898,-122.0541089,Skagit
BESC-462,48.5192661,-122.0537215,Skagit
BESC-463,48.51888179,-122.053355,Skagit
BESC-464,48.5185958,-122.052954,Skagit
BESC-465,48.5183798,-122.0524216,Skagit
BESC-466,48.51802088,-122.0520428,Skagit
BESC-467,48.51768351,-122.051575,Skagit
BESC-468,48.51752241,-122.0510736,Skagit
BESC-469,48.51739811,-122.0496418,Skagit
BESC-470,48.51733642,-122.0487408,Skagit
GW-10982,48.4,-122.3,Skagit
GW-10983,48.4,-122.3,Skagit
GW-10984,48.4,-122.3,Skagit
GW-10985,48.4,-122.3,Skagit
GW-10986,48.4,-122.3,Skagit
GW-10987,48.4,-122.3,Skagit
GW-10988,48.4,-122.3,Skagit
GW-10989,48.4,-122.3,Skagit
GW-10992,48.4,-122.3,Skagit
GW-10993,48.4,-122.3,Skagit
GW-10995,48.4,-122.3,Skagit
GW-10997,48.4,-122.3,Skagit
GW-10998,48.4,-122.3,Skagit
GW-10999,48.4,-122.3,Skagit
GW-11001,48.4,-122.3,Skagit
GW-11018,48.4,-122.3,Skagit
GW-11019,48.4,-122.3,Skagit
GW-11021,48.4,-122.3,Skagit
GW-11022,48.4,-122.3,Skagit
GW-11024,48.4,-122.3,Skagit
GW-11025,48.4,-122.3,Skagit
GW-11026,48.4,-122.3,Skagit
GW-11027,48.4,-122.3,Skagit
GW-9792,48.5,-122.2166667,Skagit
GW-9793,48.5,-122.2166667,Skagit
GW-9794,48.5,-122.2166667,Skagit
GW-9795,48.5,-122.2166667,Skagit
GW-9796,48.5,-122.2166667,Skagit
GW-9797,48.5,-122.2166667,Skagit
GW-9798,48.5,-122.2166667,Skagit
GW-9799,48.5,-122.2166667,Skagit
GW-9801,48.5,-122.2166667,Skagit
GW-9802,48.5,-122.2166667,Skagit
GW-9803,48.5,-122.2166667,Skagit
GW-9804,48.51666667,-122.05,Skagit
GW-9805,48.51666667,-122.05,Skagit
GW-9806,48.51666667,-122.05,Skagit
GW-9807,48.51666667,-122.05,Skagit
GW-9809,48.51666667,-122.05,Skagit
GW-9810,48.51666667,-122.05,Skagit
GW-9811,48.51666667,-122.05,Skagit
GW-9812,48.51666667,-122.05,Skagit
GW-9813,48.51666667,-122.05,Skagit
GW-9814,48.51666667,-122.05,Skagit
GW-9815,48.51666667,-122.05,Skagit
GW-9816,48.53333333,-121.75,Skagit
GW-9817,48.53333333,-121.75,Skagit
GW-9818,48.53333333,-121.75,Skagit
GW-9819,48.53333333,-121.75,Skagit
GW-9820,48.53333333,-121.75,Skagit
GW-9821,48.53333333,-121.75,Skagit
GW-9822,48.53333333,-121.75,Skagit
GW-9823,48.53333333,-121.75,Skagit
GW-9824,48.53333333,-121.75,Skagit
GW-9826,48.53333333,-121.75,Skagit
GW-9827,48.53333333,-121.75,Skagit
BESC-249,47.66362944,-122.3014417,Skykomish
BESC-250,47.83943583,-121.9889204,Skykomish
BESC-251,47.8395194,-121.9879034,Skykomish
BESC-252,47.83962308,-121.9871553,Skykomish
BESC-253,47.83966206,-121.986293,Skykomish
BESC-254,47.83968494,-121.9856174,Skykomish
BESC-255,47.83969483,-121.9847673,Skykomish
BESC-256,47.83998971,-121.9836879,Skykomish
BESC-257,47.84006741,-121.9829818,Skykomish
BESC-258,47.84115328,-121.9826349,Skykomish
BESC-259,47.84124456,-121.9819036,Skykomish
BESC-260,47.84101012,-121.9812369,Skykomish
BESC-261,47.84141304,-121.9808322,Skykomish
BESC-262,47.841723,-121.9802434,Skykomish
BESC-263,47.84208669,-121.9796352,Skykomish
BESC-264,47.84242532,-121.9791277,Skykomish
BESC-265,47.84275892,-121.9786357,Skykomish
BESC-266,47.84489966,-121.9749917,Skykomish
BESC-267,47.84526369,-121.9745626,Skykomish
BESC-268,47.84563517,-121.9737406,Skykomish
BESC-269,47.8604921,-121.9724149,Skykomish
BESC-270,47.86176564,-121.7811716,Skykomish
BESC-271,47.86185902,-121.7791474,Skykomish
BESC-272,47.86198961,-121.776559,Skykomish
BESC-273,47.86231248,-121.7829514,Skykomish
BESC-274,47.86233611,-121.7822834,Skykomish
BESC-275,47.86237182,-121.7808568,Skykomish
BESC-276,47.86237769,-121.7799671,Skykomish
BESC-277,47.86251591,-121.7785936,Skykomish
BESC-278,47.85816494,-121.8072606,Skykomish
BESC-279,47.85891781,-121.8095593,Skykomish
BESC-280,47.85637314,-121.8126067,Skykomish
BESC-281,47.85146412,-121.9619166,Skykomish
BESC-282,47.85130922,-121.962611,Skykomish
BESC-283,47.85109472,-121.9634432,Skykomish
BESC-284,47.84552637,-121.9690996,Skykomish
BESC-285,47.84568664,-121.9702492,Skykomish
BESC-286,47.845951,-121.9699289,Skykomish
BESC-287,47.84607707,-121.969192,Skykomish
BESC-288,47.8463188,-121.9684114,Skykomish
BESC-289,47.84642852,-121.9676702,Skykomish
BESC-290,47.84657478,-121.9667487,Skykomish
BESC-291,47.84524416,-121.970824,Skykomish
BESC-292,47.84499756,-121.9718552,Skykomish
BESC-293,47.84435333,-121.9730155,Skykomish
BESC-294,47.84383784,-121.9741185,Skykomish
BESC-295,47.84295297,-121.9723722,Skykomish
BESC-296,47.843482,-121.975441,Skykomish
BESC-297,47.84295288,-121.9756965,Skykomish
BESC-298,47.84244468,-121.9763304,Skykomish
BESC-299,47.8411931,-121.9733975,Skykomish
BESC-300,47.84492514,-121.969185,Skykomish
BESC-301,47.84430136,-121.9692657,Skykomish
BESC-302,47.84370482,-121.9694049,Skykomish
BESC-303,47.84360499,-121.9666974,Skykomish
BESC-304,47.8436179,-121.9660611,Skykomish
BESC-305,47.84406843,-121.9653294,Skykomish
BESC-306,47.84456396,-121.965428,Skykomish
BESC-307,47.84555043,-121.9633207,Skykomish
BESC-308,47.84592929,-121.9730209,Skykomish
BESC-309,47.84617731,-121.9723159,Skykomish
BESC-310,47.84683001,-121.9706463,Skykomish
BESC-311,47.85636133,-121.7368525,Skykomish
BESC-312,47.85562254,-121.737293,Skykomish
BESC-313,47.85573947,-121.7364312,Skykomish
BESC-314,47.85574106,-121.7356392,Skykomish
BESC-315,47.85600082,-121.7346902,Skykomish
BESC-316,47.85563252,-121.7342869,Skykomish
BESC-317,47.85528685,-121.734569,Skykomish
BESC-318,47.85517386,-121.733741,Skykomish
BESC-319,47.85509851,-121.7329027,Skykomish
BESC-320,47.85498108,-121.7321672,Skykomish
BESC-321,47.85500145,-121.731448,Skykomish
BESC-322,47.85500974,-121.7308614,Skykomish
BESC-323,47.85503715,-121.7300007,Skykomish
BESC-324,47.85509465,-121.7291086,Skykomish
BESC-325,47.85518652,-121.7283881,Skykomish
BESC-327,47.85567401,-121.7288331,Skykomish
BESC-328,47.85605363,-121.7298449,Skykomish
BESC-329,47.85632587,-121.7306812,Skykomish
BESC-330,47.85687447,-121.7313376,Skykomish
BESC-852,47.86120892,-121.785091,Skykomish
BESC-853,47.86115519,-121.7858167,Skykomish
BESC-854,47.86125803,-121.7866321,Skykomish
BESC-855,47.86150111,-121.7872288,Skykomish
BESC-856,47.86082972,-121.7908572,Skykomish
BESC-857,47.86008968,-121.7917552,Skykomish
BESC-858,47.85955802,-121.7911402,Skykomish
BESC-859,47.85925325,-121.7917379,Skykomish
BESC-860,47.85935601,-121.792283,Skykomish
BESC-861,47.85937428,-121.7904928,Skykomish
BESC-862,47.86065864,-121.7899287,Skykomish
BESC-863,47.86063383,-121.7888436,Skykomish
BESC-864,47.86050936,-121.7881671,Skykomish
BESC-865,47.8607262,-121.7874464,Skykomish
BESC-866,47.86083056,-121.7864095,Skykomish
BESC-867,47.859484,-121.8125956,Skykomish
BESC-868,47.85941443,-121.811895,Skykomish
BESC-869,47.85920455,-121.8109786,Skykomish
BESC-870,47.85907111,-121.8104372,Skykomish
BESC-871,47.85796151,-121.8092783,Skykomish
BESC-872,47.85697337,-121.8099683,Skykomish
BESC-873,47.85636024,-121.8107548,Skykomish
BESC-874,47.85164206,-121.9612432,Skykomish
BESC-875,47.85253381,-121.9593349,Skykomish
BESC-876,47.85326966,-121.9595791,Skykomish
BESC-877,47.85438177,-121.9596304,Skykomish
BESC-878,47.85462325,-121.9585942,Skykomish
BESC-879,47.85421933,-121.9586006,Skykomish
BESC-880,47.85334376,-121.9588743,Skykomish
BESC-881,47.85370812,-121.9585187,Skykomish
BESC-882,47.83994646,-121.6898906,Skykomish
BESC-883,47.84020613,-121.6905334,Skykomish
BESC-884,47.84039715,-121.6911164,Skykomish
BESC-885,47.84074333,-121.6916438,Skykomish
BESC-886,47.84110081,-121.6920689,Skykomish
BESC-887,47.84152921,-121.6923709,Skykomish
BESC-888,47.84190841,-121.692822,Skykomish
BESC-889,47.84236849,-121.6928816,Skykomish
BESC-890,47.84280075,-121.692956,Skykomish
BESC-891,47.84319587,-121.6931414,Skykomish
BESC-892,47.84285137,-121.6947601,Skykomish
BESC-893,47.84325245,-121.6947911,Skykomish
BESC-894,47.84363693,-121.6949392,Skykomish
BESC-895,47.84423028,-121.6945676,Skykomish
BESC-896,47.8447306,-121.6944021,Skykomish
BESC-897,47.84516394,-121.6942233,Skykomish
BESC-898,47.84568052,-121.6944737,Skykomish
BESC-899,47.84609785,-121.6945299,Skykomish
BESC-900,47.84669741,-121.6947495,Skykomish
BESC-901,47.84785738,-121.6946422,Skykomish
BESC-902,47.84819132,-121.6950348,Skykomish
BESC-903,47.84867261,-121.6953032,Skykomish
BESC-904,47.8491202,-121.6953388,Skykomish
BESC-905,47.84957668,-121.695294,Skykomish
BESC-906,47.84994431,-121.6948669,Skykomish
BESC-907,47.85779924,-121.7904175,Skykomish
BESC-908,47.85824977,-121.7899223,Skykomish
BESC-909,47.85798113,-121.789127,Skykomish
BESC-910,47.85813016,-121.7888267,Skykomish
BESC-911,47.85841305,-121.7877738,Skykomish
GW-9828,47.73333333,-121.9333333,Snoqualmie
GW-9829,47.73333333,-121.9333333,Snoqualmie
GW-9830,47.73333333,-121.9333333,Snoqualmie
GW-9831,47.73333333,-121.9333333,Snoqualmie
GW-9832,47.73333333,-121.9333333,Snoqualmie
GW-9833,47.73333333,-121.9333333,Snoqualmie
GW-9834,47.73333333,-121.9333333,Snoqualmie
GW-9835,47.73333333,-121.9333333,Snoqualmie
GW-9836,47.73333333,-121.9333333,Snoqualmie
GW-9837,47.73333333,-121.9333333,Snoqualmie
GW-9838,47.73333333,-121.9333333,Snoqualmie
GW-9839,47.73333333,-121.9333333,Snoqualmie
GW-9840,47.73333333,-121.9833333,Snoqualmie
GW-9841,47.73333333,-121.9833333,Snoqualmie
GW-9842,47.73333333,-121.9833333,Snoqualmie
GW-9843,47.73333333,-121.9833333,Snoqualmie
GW-9844,47.73333333,-121.9833333,Snoqualmie
GW-9845,47.73333333,-121.9833333,Snoqualmie
GW-9846,47.73333333,-121.9833333,Snoqualmie
GW-9847,47.73333333,-121.9833333,Snoqualmie
GW-9848,47.73333333,-121.9833333,Snoqualmie
GW-9849,47.73333333,-121.9833333,Snoqualmie
GW-9850,47.73333333,-121.9833333,Snoqualmie
GW-9851,47.73333333,-121.9833333,Snoqualmie
GW-9852,47.68333333,-121.9166667,Snoqualmie
GW-9853,47.68333333,-121.9166667,Snoqualmie
GW-9854,47.68333333,-121.9166667,Snoqualmie
GW-9855,47.68333333,-121.9166667,Snoqualmie
GW-9856,47.68333333,-121.9166667,Snoqualmie
GW-9857,47.68333333,-121.9166667,Snoqualmie
GW-9858,47.68333333,-121.9166667,Snoqualmie
GW-9860,47.68333333,-121.9166667,Snoqualmie
GW-9861,47.68333333,-121.9166667,Snoqualmie
GW-9862,47.68333333,-121.9166667,Snoqualmie
GW-9863,47.68333333,-121.9166667,Snoqualmie
GW-9864,47.2,-121.9333333,Snoqualmie
GW-9865,47.2,-121.9333333,Snoqualmie
GW-9866,47.2,-121.9333333,Snoqualmie
GW-9867,47.2,-121.9333333,Snoqualmie
GW-9868,47.2,-121.9333333,Snoqualmie
GW-9869,47.2,-121.9333333,Snoqualmie
GW-9870,47.2,-121.9333333,Snoqualmie
GW-9871,47.2,-121.9333333,Snoqualmie
GW-9872,47.2,-121.9333333,Snoqualmie
GW-9873,47.2,-121.9333333,Snoqualmie
GW-9874,47.2,-121.9333333,Snoqualmie
GW-9875,47.2,-122.05,Snoqualmie
GW-9876,47.2,-122.05,Snoqualmie
GW-9877,47.2,-122.05,Snoqualmie
GW-9878,47.2,-122.05,Snoqualmie
GW-9879,47.2,-122.05,Snoqualmie
GW-9880,47.2,-122.05,Snoqualmie
GW-9882,47.2,-122.05,Snoqualmie
GW-9883,47.2,-122.05,Snoqualmie
GW-9884,47.2,-122.05,Snoqualmie
GW-9885,47.2,-122.05,Snoqualmie
GW-9886,47.2,-122.05,Snoqualmie
BESC-1001,44.58765753,-123.1973508,Willamette
BESC-1002,44.64125,-123.11054,Willamette
BESC-1003,44.53707904,-123.2502549,Willamette
BESC-1004,44.46276,-123.243073,Willamette
BESC-1005,44.42841667,-123.3045833,Willamette
BESC-1006,44.36358201,-123.2243116,Willamette
BESC-1007,44.313605,-123.2951692,Willamette
BESC-1008,44.2330743,-123.2005155,Willamette
BESC-1009,44.19796111,-123.1646528,Willamette
BESC-1013,44.05482052,-123.0754059,Willamette
BESC-1014,44.04514,-123.02517,Willamette
BESC-1017,43.93914,-122.84264,Willamette
BESC-1173,43.76427681,-123.0822959,Willamette
BESC-1174,43.77925,-123.07122,Willamette
BESC-1175,43.79659,-123.06862,Willamette
BESC-1176,43.79131,-123.03098,Willamette
BESC-1177,43.77411667,-122.9440333,Willamette
BESC-1178,43.77707204,-122.9573678,Willamette
BESC-1179,43.79471666,-122.98865,Willamette
BESC-1180,43.80685308,-123.0494794,Willamette
BESC-1181,43.91676,-123.008713,Willamette
BESC-1182,43.96136,-123.0108,Willamette
BESC-1183,43.99583946,-123.0117099,Willamette
BESC-1184,44.01257012,-123.0169425,Willamette
BESC-1185,44.12191077,-123.1876619,Willamette
GW-10955,44.5,-123.3,Willamette
GW-10956,44.5,-123.3,Willamette
GW-10957,44.5,-123.3,Willamette
GW-10958,44.5,-123.3,Willamette
GW-11031,44.5,-123.3,Willamette
GW-11032,44.5,-123.3,Willamette
GW-11033,44.5,-123.3,Willamette
GW-11034,44.5,-123.3,Willamette
GW-11035,44.5,-123.3,Willamette
GW-11036,44.5,-123.3,Willamette
GW-9592,44.75,-122.8666667,Willamette
GW-9594,44.75,-122.8666667,Willamette
GW-9595,44.75,-122.8666667,Willamette
GW-9596,44.75,-122.8666667,Willamette
GW-9597,44.8,-123.2333333,Willamette
